[{"lesson_url": "http://202.114.90.180/Course/zykxkAdd.do?xnxq=2017-2018-2&kcdm=4120295140&jxjhh=20154129&addid=5C6AA16D696E50BDE053FD02A8C0ABEA&keyinfo=037015481B6F1CCC98B82E9C2EEB28E7", "lesson_name": "\u8f6f\u4ef6\u7cfb\u7edf\u8bbe\u8ba1\u5b9e\u8bad", "teacher": "\u674e\u6653\u7ea2", "time": null, "classroom": null, "capacity": "50", "selected": "39", "this_selected": "0", "lesson_type": " \u8de8\u4e13\u4e1a\u542c\u8bfe", "credit": "4", "remark": "\u5df2\u5b9e\u8df5\u62c6\u73ed", "lang_level": "0"}, {"lesson_url": "http://202.114.90.180/Course/zykxkAdd.do?xnxq=2017-2018-2&kcdm=4120294140&jxjhh=20154129&addid=5C6AA16D696550BDE053FD02A8C0ABEA&keyinfo=0453253F4958CEA9D96DFA341E7275D0", "lesson_name": "\u5e94\u7528\u8f6f\u4ef6\u5f00\u53d1\u5b9e\u8badD", "teacher": "\u8881\u80dc\u743c", "time": null, "classroom": null, "capacity": "50", "selected": "35", "this_selected": "0", "lesson_type": " \u8de8\u4e13\u4e1a\u542c\u8bfe", "credit": "2", "remark": "\u5df2\u5b9e\u8df5\u62c6\u73ed", "lang_level": "0"}, {"lesson_url": "http://202.114.90.180/Course/zykxkAdd.do?xnxq=2017-2018-2&kcdm=4120034110&jxjhh=20154129&addid=5C6AA16D693F50BDE053FD02A8C0ABEA&keyinfo=E1E75EF9A9FA2FDABC7CE2C6FC0E2610", "lesson_name": "\u8ba1\u7b97\u673a\u7f51\u7edcC", "teacher": "\u5218\u7ef4", "time": "\u5468\u4e8c\u7b2c5-6\u8282{\u7b2c01-14\u5468};\u5468\u56db\u7b2c3-4\u8282{\u7b2c01-14\u53cc\u5468};", "classroom": "\u65b01-501;\u65b01-501;", "capacity": "120", "selected": "115", "this_selected": "0", "lesson_type": " \u8de8\u4e13\u4e1a\u542c\u8bfe", "credit": "2.5", "remark": null, "lang_level": "\u2160"}, {"lesson_url": "http://202.114.90.180/Course/zykxkAdd.do?xnxq=2017-2018-2&kcdm=4120271140&jxjhh=20154129&addid=6134885E91910C28E053FD02A8C0FB1B&keyinfo=8E1C978D88C8F2DD163A9F95607D1BDB", "lesson_name": "\u8ba1\u7b97\u673a\u7f51\u7edc\u7efc\u5408\u5b9e\u9a8c", "teacher": "\u7a0b\u715c", "time": "\u5468\u56db\u7b2c1-2\u8282{\u7b2c07-14\u5468};\u5468\u56db\u7b2c3-4\u8282{\u7b2c07-14\u5468};", "classroom": "\u8ba1\u9a6c\u5b9e\u9a8c3;\u8ba1\u9a6c\u5b9e\u9a8c3;", "capacity": "45", "selected": "30", "this_selected": "0", "lesson_type": " \u8de8\u4e13\u4e1a\u542c\u8bfe", "credit": "1", "remark": null, "lang_level": "0"}, {"lesson_url": "http://202.114.90.180/Course/zykxkAdd.do?xnxq=2017-2018-2&kcdm=4120271140&jxjhh=20154129&addid=6134885E918F0C28E053FD02A8C0FB1B&keyinfo=8E1C978D88C8F2DD163A9F95607D1BDB", "lesson_name": "\u8ba1\u7b97\u673a\u7f51\u7edc\u7efc\u5408\u5b9e\u9a8c", "teacher": "\u738b\u4e91\u534e", "time": "\u5468\u4e8c\u7b2c1-2\u8282{\u7b2c11-18\u5468};\u5468\u4e8c\u7b2c3-4\u8282{\u7b2c11-18\u5468};", "classroom": "\u8ba1\u9a6c\u5b9e\u9a8c3;\u8ba1\u9a6c\u5b9e\u9a8c3;", "capacity": "45", "selected": "31", "this_selected": "0", "lesson_type": " \u8de8\u4e13\u4e1a\u542c\u8bfe", "credit": "1", "remark": null, "lang_level": "0"}, {"lesson_url": "http://202.114.90.180/Course/zykxkAdd.do?xnxq=2017-2018-2&kcdm=4120271140&jxjhh=20154129&addid=6134885E91900C28E053FD02A8C0FB1B&keyinfo=8E1C978D88C8F2DD163A9F95607D1BDB", "lesson_name": "\u8ba1\u7b97\u673a\u7f51\u7edc\u7efc\u5408\u5b9e\u9a8c", "teacher": "\u738b\u4e91\u534e", "time": "\u5468\u4e09\u7b2c1-2\u8282{\u7b2c11-18\u5468};\u5468\u4e09\u7b2c3-4\u8282{\u7b2c11-18\u5468};", "classroom": "\u8ba1\u9a6c\u5b9e\u9a8c3;\u8ba1\u9a6c\u5b9e\u9a8c3;", "capacity": "45", "selected": "45", "this_selected": "0", "lesson_type": " \u8de8\u4e13\u4e1a\u542c\u8bfe", "credit": "1", "remark": null, "lang_level": "0"}, {"lesson_url": "http://202.114.90.180/Course/zykxkAdd.do?xnxq=2017-2018-2&kcdm=4120271140&jxjhh=20154129&addid=5C6AA16D693650BDE053FD02A8C0ABEA&keyinfo=8E1C978D88C8F2DD163A9F95607D1BDB", "lesson_name": "\u8ba1\u7b97\u673a\u7f51\u7edc\u7efc\u5408\u5b9e\u9a8c", "teacher": "\u6768\u7131\u8d85", "time": "\u5468\u4e94\u7b2c1-2\u8282{\u7b2c11-18\u5468};\u5468\u4e94\u7b2c3-4\u8282{\u7b2c11-18\u5468};", "classroom": "\u8ba1\u9a6c\u5b9e\u9a8c3;\u8ba1\u9a6c\u5b9e\u9a8c3;", "capacity": "45", "selected": "45", "this_selected": "0", "lesson_type": " \u8de8\u4e13\u4e1a\u542c\u8bfe", "credit": "1", "remark": null, "lang_level": "0"}, {"lesson_url": "http://202.114.90.180/Course/zykxkAdd.do?xnxq=2017-2018-2&kcdm=4120174120&jxjhh=20154129&addid=5E254B31F7698545E053FD02A8C042F7&keyinfo=20AA6BE4907E96C83C157D2AADEF1AD5", "lesson_name": "\u8f6f\u4ef6\u6784\u4ef6\u4e0e\u4e2d\u95f4\u4ef6\u6280\u672fB", "teacher": "\u77f3\u5175", "time": "\u5468\u4e00\u7b2c3-4\u8282{\u7b2c01-12\u5468};", "classroom": "\u65b01-501;", "capacity": "120", "selected": "94", "this_selected": "0", "lesson_type": " \u8de8\u4e13\u4e1a\u542c\u8bfe", "credit": "2", "remark": null, "lang_level": "\u2160"}, {"lesson_url": "http://202.114.90.180/Course/zykxkAdd.do?xnxq=2017-2018-2&kcdm=4120078110&jxjhh=20154129&addid=5E254B31F76D8545E053FD02A8C042F7&keyinfo=8C28F709B98D455CCFD59885F5DE6556", "lesson_name": "\u6570\u636e\u6316\u6398C", "teacher": "\u674e\u7433", "time": "\u5468\u4e09\u7b2c5-6\u8282{\u7b2c01-12\u5468};", "classroom": "\u65b01-405;", "capacity": "130", "selected": "129", "this_selected": "0", "lesson_type": "\u63a8\u8350\u8bfe\u7a0b ", "credit": "2", "remark": null, "lang_level": "\u2160"}]